Original,Renamed
N2,UM1
N4,UM2
N7,UM3
N9,UM4
N11,UM5
N13,UM6
N15,UM7
N17,UM8
N19,UM9
N20,UM10
N21,UM11
N23,UM12
N25,UM13
N30,UM14
N31,UM15
N32,UM16
R5,UR17
R6,UR18
R7,UR19
R8,UR20
R9,UR21
R10,UR22
R11,UR23
R12,UR24
B431/14,EU25
B896/13,EU26
B1077/13,EU27
B1140/10,EU28
B1552/06,EU29
B1887/11,EU30
B1947/13,EU31
B2470/09,EU32
B263/12,EU33
B448/15,EU34
B467/13,EU35
B592/12,EU36
B709/12,EU37
B779/11,EU38
B800/12,EU39
B818/13,EU40
B994/11,EU41
B997/14,EU42
B1006/09,EU43
B1006/14,EU44
B1008/13,EU45
B1066/09,EU46
B1107/13,EU47
B1137/09,EU48
B1140/13,EU49
B1168/12,EU50
B1186/09,EU51
B1201/09,EU52
B1202/13,EU53
B1422/09,EU54a
B1422/09,EU54b
B1503/13,EU55
B1573/09,EU56
B1589/11,EU57
B1729/13,EU58
B1836/10,EU59
B1844/11,EU60
B1885/09,EU61
B1904/13,EU62
B1924/11,EU63
B1987/11,EU64
B2072/13,EU65
B2178/06,EU66
B2231/13,EU67
B2269/09,EU68
B2321/13,EU69
B2419/09,EU70
B2463/09,EU71
B2515/13,EU72
B2526/13,EU73
B2693/09,EU74
B2759/13,EU75
B2953/13,EU76
B2993/13,EU77
B756/13,EU78
B774/11,EU79
B822/11,EU80
B836/09,EU81
B1166/12,EU82
B1360/12,EU83
B1527/06,EU84
B1643/13,EU85
B1659/12,EU86
B1776/13,EU87
B1777/13,EU88
B1792/13,EU89a
B1792/13,EU89b
B1851/13,EU90
B1875/11,EU91
B1913/06,EU92
B1939/13,EU93
B1964/12,EU94
B1985/13,EU95
B2003/13,EU96
B2005/09,EU97a
B2005/09,EU97b
B2085/10,EU98
B2241/13,EU99
B2267/09,EU100
B2286/13,EU101
B2647/09,EU102
B3081/13,EU103
B4471/15,EU104
K1,UC105
K11,UC106
K10,UC107
K15,UC108
K16,UC109
K22,UC110
K24,UC111
K25,UC112
KA1,UC113
KA6,UC114
K2,UR115
K3,UR116
K6,UR117
K7,UR118
K9,UR119
K12,UR120
K13,UR121
K17,UR122
K18,UR123
K19,UR124
K20,UR125
K21,UR126
K23,UR127
K26,UR128
K27,UR129
K28,UR130
K29,UR131
K30,UR132
KA2,UR133
KA3,UR134
KA4,UR135
KA5,UR136
K4,UC137
K14,UC138
K34,UC139
K40,UC140
K5,UR141
K8,UR142
K31,UR143
K32,UR144
K33,UR145
K35,UR146
K36,UR147
K37,UR148
K38,UR149
K39,UR150
K41,UR151
K42,UR152
K43,UR153
K44,UR154
K45,UR155
K46,UR156
K47,UR157
K48,UR158
K49,UR159
K50,UR160
K52,UC161
K56,UC162
K60,UC163
K62,UC164
K64,UC165
K68,UC166
K71,UC167
K72,UC168
K73,UC169
K77,UC170
K80,UC171
K84,UC172
K51,UR173
K53,UR174
K54,UR175
K55,UR176
K57,UR177
K58,UR178
K59,UR179
K61,UR180
K63,UR181
K65,UR182
K66,UR183
K67,UR184
K69,UR185
K70,UR186
K74,UR187
K75,UR188
K76,UR189
K78,UR190
K79,UR191
K81,UR192
K82,UR193
K83,UR194
K85,UR195
K86,UR196
K87,UR197
K88,UR198
K89,UR199
K90,UR200
K91,UR201
K92,UR202
B1164/12,EU203
B1801/13,EU204
SRS1557565,ES205
SRS1557545,ES206
SRS1557538,ES207
297,UC208
N2,UM209
N4,UM210
N7,UM211
N9,UM212
N11,UM213
N14,UM214
N15,UM215
N17,UM216
N21,UM217
N30,UM218
N31,UM219
N32,UM220
N33,UM221
B5,UN222
B19,UN223
B23,UN224
B26,UN225
B48,UN226
B62,UN227
B68,UN228
B76,UN229
B83,UN230
B93,UN231
B123,UN232
B124,UN233
B156,UN234
B157,UN235
B210,UN236
B225,UN237
B229,UN238
B232,UN239
B236,UN240
B244,UN241
B247,UN242
B250,UN243
B251,UN244
B252,UN245
B253,UN246
B257,UN247
B258,UN248
B261,UN249
B262,UN250
B266,UN251
B269,UN252
B272,UN253
B279,UN254
B281,UN255
B310,UN256
B322,UN257
B323,UN258
B329,UN259
B331,UN260
B346,UN261
B348,UN262
B352,UN263
B353,UN264
B356,UN265
B364,UN266
B367,UN267
B369,UN268
B373,UN269
B379,UN270
B385,UN271
B388,UN272
B400,UN273
B401,UN274
B408,UN275
B410,UN276
B413,UN277
B418,UN278
B427,UN279
B435,UN280
B449,UN281
B454,UN282
B471,UN283
B475,UN284
B477,UN285
B478,UN286
B479,UN287
B500,UN288
B503,UN289
B515,UN290
CDC 146,UN291
CDC 160,UN292
CDC 161,UN293
MR604,UN294
MR616,UN295
MR620,UN296
MR625,UN297
MR628,UN298
MR635,UN299
MR641,UN300
MR656,UN301
MR662,UN302
MR663,UN303
MR678,UN304
MR691,UN305
MR692,UN306
MR715,UN307
MR716,UN308
MR730,UN309
MR731,UN310
R4,UR311
R5,UR312
R6,UR313
R7,UR314
R8,UR315
R9,UR316
R10,UR317
R11,UR318
R12,UR319
B390,UU320
MC73,UW321
MC74,UW322
MC75,UW323
MC76,UW324
MC77,UW325
MC78,UW326
MC79,UW327
MC80,UW328
MC81,UW329
MC82,UW330
MC83,UW331
MC85,UW332
MC86,UW333
MC88,UW334
MC89,UW335
MC90,UW336
MC91,UW337
MC92,UW338
MC93,UW339
MC95,UW340
MC96,UW341
MC97a,UW342
MC98,UW343
MC99,UW344
MC100,UW345
MC101,UW346
MC102,UW347
MC104,UW348
MC105,UW349
MC106,UW350
MC107,UW351
MC108,UW352
MC111,UW353
MC112,UW354
MC113,UW355
MC114,UW356
MC115,UW357
MC117,UW358
MC118,UW359
MC119,UW360
MC120,UW361
MC121,UW362
MC122,UW363
MC123,UW364
MC125,UW365
MC126,UW366
MC127,UW367
MC128,UW368
MC129,UW369
MC130,UW370
MC131,UW371
MC132,UW372
MC133,UW373
MC134,UW374
MC135,UW375
MC136,UW376
MC137,UW377
MC138,UW378
MC139,UW379
MC140,UW380
MC143,UW381
MC145,UW382
MC148,UW383
MC149,UW384
